"","Series.id","Year","Period","Value"
"1","LNS14000000",1948,"M01",3.4
"2","LNS14000000",1948,"M02",3.8
"3","LNS14000000",1948,"M03",4
"4","LNS14000000",1948,"M04",3.9
"5","LNS14000000",1948,"M05",3.5
"6","LNS14000000",1948,"M06",3.6
"7","LNS14000000",1948,"M07",3.6
"8","LNS14000000",1948,"M08",3.9
"9","LNS14000000",1948,"M09",3.8
"10","LNS14000000",1948,"M10",3.7
"11","LNS14000000",1948,"M11",3.8
"12","LNS14000000",1948,"M12",4
"13","LNS14000000",1949,"M01",4.3
"14","LNS14000000",1949,"M02",4.7
"15","LNS14000000",1949,"M03",5
"16","LNS14000000",1949,"M04",5.3
"17","LNS14000000",1949,"M05",6.1
"18","LNS14000000",1949,"M06",6.2
"19","LNS14000000",1949,"M07",6.7
"20","LNS14000000",1949,"M08",6.8
"21","LNS14000000",1949,"M09",6.6
"22","LNS14000000",1949,"M10",7.9
"23","LNS14000000",1949,"M11",6.4
"24","LNS14000000",1949,"M12",6.6
"25","LNS14000000",1950,"M01",6.5
"26","LNS14000000",1950,"M02",6.4
"27","LNS14000000",1950,"M03",6.3
"28","LNS14000000",1950,"M04",5.8
"29","LNS14000000",1950,"M05",5.5
"30","LNS14000000",1950,"M06",5.4
"31","LNS14000000",1950,"M07",5
"32","LNS14000000",1950,"M08",4.5
"33","LNS14000000",1950,"M09",4.4
"34","LNS14000000",1950,"M10",4.2
"35","LNS14000000",1950,"M11",4.2
"36","LNS14000000",1950,"M12",4.3
"37","LNS14000000",1951,"M01",3.7
"38","LNS14000000",1951,"M02",3.4
"39","LNS14000000",1951,"M03",3.4
"40","LNS14000000",1951,"M04",3.1
"41","LNS14000000",1951,"M05",3
"42","LNS14000000",1951,"M06",3.2
"43","LNS14000000",1951,"M07",3.1
"44","LNS14000000",1951,"M08",3.1
"45","LNS14000000",1951,"M09",3.3
"46","LNS14000000",1951,"M10",3.5
"47","LNS14000000",1951,"M11",3.5
"48","LNS14000000",1951,"M12",3.1
"49","LNS14000000",1952,"M01",3.2
"50","LNS14000000",1952,"M02",3.1
"51","LNS14000000",1952,"M03",2.9
"52","LNS14000000",1952,"M04",2.9
"53","LNS14000000",1952,"M05",3
"54","LNS14000000",1952,"M06",3
"55","LNS14000000",1952,"M07",3.2
"56","LNS14000000",1952,"M08",3.4
"57","LNS14000000",1952,"M09",3.1
"58","LNS14000000",1952,"M10",3
"59","LNS14000000",1952,"M11",2.8
"60","LNS14000000",1952,"M12",2.7
"61","LNS14000000",1953,"M01",2.9
"62","LNS14000000",1953,"M02",2.6
"63","LNS14000000",1953,"M03",2.6
"64","LNS14000000",1953,"M04",2.7
"65","LNS14000000",1953,"M05",2.5
"66","LNS14000000",1953,"M06",2.5
"67","LNS14000000",1953,"M07",2.6
"68","LNS14000000",1953,"M08",2.7
"69","LNS14000000",1953,"M09",2.9
"70","LNS14000000",1953,"M10",3.1
"71","LNS14000000",1953,"M11",3.5
"72","LNS14000000",1953,"M12",4.5
"73","LNS14000000",1954,"M01",4.9
"74","LNS14000000",1954,"M02",5.2
"75","LNS14000000",1954,"M03",5.7
"76","LNS14000000",1954,"M04",5.9
"77","LNS14000000",1954,"M05",5.9
"78","LNS14000000",1954,"M06",5.6
"79","LNS14000000",1954,"M07",5.8
"80","LNS14000000",1954,"M08",6
"81","LNS14000000",1954,"M09",6.1
"82","LNS14000000",1954,"M10",5.7
"83","LNS14000000",1954,"M11",5.3
"84","LNS14000000",1954,"M12",5
"85","LNS14000000",1955,"M01",4.9
"86","LNS14000000",1955,"M02",4.7
"87","LNS14000000",1955,"M03",4.6
"88","LNS14000000",1955,"M04",4.7
"89","LNS14000000",1955,"M05",4.3
"90","LNS14000000",1955,"M06",4.2
"91","LNS14000000",1955,"M07",4
"92","LNS14000000",1955,"M08",4.2
"93","LNS14000000",1955,"M09",4.1
"94","LNS14000000",1955,"M10",4.3
"95","LNS14000000",1955,"M11",4.2
"96","LNS14000000",1955,"M12",4.2
"97","LNS14000000",1956,"M01",4
"98","LNS14000000",1956,"M02",3.9
"99","LNS14000000",1956,"M03",4.2
"100","LNS14000000",1956,"M04",4
"101","LNS14000000",1956,"M05",4.3
"102","LNS14000000",1956,"M06",4.3
"103","LNS14000000",1956,"M07",4.4
"104","LNS14000000",1956,"M08",4.1
"105","LNS14000000",1956,"M09",3.9
"106","LNS14000000",1956,"M10",3.9
"107","LNS14000000",1956,"M11",4.3
"108","LNS14000000",1956,"M12",4.2
"109","LNS14000000",1957,"M01",4.2
"110","LNS14000000",1957,"M02",3.9
"111","LNS14000000",1957,"M03",3.7
"112","LNS14000000",1957,"M04",3.9
"113","LNS14000000",1957,"M05",4.1
"114","LNS14000000",1957,"M06",4.3
"115","LNS14000000",1957,"M07",4.2
"116","LNS14000000",1957,"M08",4.1
"117","LNS14000000",1957,"M09",4.4
"118","LNS14000000",1957,"M10",4.5
"119","LNS14000000",1957,"M11",5.1
"120","LNS14000000",1957,"M12",5.2
"121","LNS14000000",1958,"M01",5.8
"122","LNS14000000",1958,"M02",6.4
"123","LNS14000000",1958,"M03",6.7
"124","LNS14000000",1958,"M04",7.4
"125","LNS14000000",1958,"M05",7.4
"126","LNS14000000",1958,"M06",7.3
"127","LNS14000000",1958,"M07",7.5
"128","LNS14000000",1958,"M08",7.4
"129","LNS14000000",1958,"M09",7.1
"130","LNS14000000",1958,"M10",6.7
"131","LNS14000000",1958,"M11",6.2
"132","LNS14000000",1958,"M12",6.2
"133","LNS14000000",1959,"M01",6
"134","LNS14000000",1959,"M02",5.9
"135","LNS14000000",1959,"M03",5.6
"136","LNS14000000",1959,"M04",5.2
"137","LNS14000000",1959,"M05",5.1
"138","LNS14000000",1959,"M06",5
"139","LNS14000000",1959,"M07",5.1
"140","LNS14000000",1959,"M08",5.2
"141","LNS14000000",1959,"M09",5.5
"142","LNS14000000",1959,"M10",5.7
"143","LNS14000000",1959,"M11",5.8
"144","LNS14000000",1959,"M12",5.3
"145","LNS14000000",1960,"M01",5.2
"146","LNS14000000",1960,"M02",4.8
"147","LNS14000000",1960,"M03",5.4
"148","LNS14000000",1960,"M04",5.2
"149","LNS14000000",1960,"M05",5.1
"150","LNS14000000",1960,"M06",5.4
"151","LNS14000000",1960,"M07",5.5
"152","LNS14000000",1960,"M08",5.6
"153","LNS14000000",1960,"M09",5.5
"154","LNS14000000",1960,"M10",6.1
"155","LNS14000000",1960,"M11",6.1
"156","LNS14000000",1960,"M12",6.6
"157","LNS14000000",1961,"M01",6.6
"158","LNS14000000",1961,"M02",6.9
"159","LNS14000000",1961,"M03",6.9
"160","LNS14000000",1961,"M04",7
"161","LNS14000000",1961,"M05",7.1
"162","LNS14000000",1961,"M06",6.9
"163","LNS14000000",1961,"M07",7
"164","LNS14000000",1961,"M08",6.6
"165","LNS14000000",1961,"M09",6.7
"166","LNS14000000",1961,"M10",6.5
"167","LNS14000000",1961,"M11",6.1
"168","LNS14000000",1961,"M12",6
"169","LNS14000000",1962,"M01",5.8
"170","LNS14000000",1962,"M02",5.5
"171","LNS14000000",1962,"M03",5.6
"172","LNS14000000",1962,"M04",5.6
"173","LNS14000000",1962,"M05",5.5
"174","LNS14000000",1962,"M06",5.5
"175","LNS14000000",1962,"M07",5.4
"176","LNS14000000",1962,"M08",5.7
"177","LNS14000000",1962,"M09",5.6
"178","LNS14000000",1962,"M10",5.4
"179","LNS14000000",1962,"M11",5.7
"180","LNS14000000",1962,"M12",5.5
"181","LNS14000000",1963,"M01",5.7
"182","LNS14000000",1963,"M02",5.9
"183","LNS14000000",1963,"M03",5.7
"184","LNS14000000",1963,"M04",5.7
"185","LNS14000000",1963,"M05",5.9
"186","LNS14000000",1963,"M06",5.6
"187","LNS14000000",1963,"M07",5.6
"188","LNS14000000",1963,"M08",5.4
"189","LNS14000000",1963,"M09",5.5
"190","LNS14000000",1963,"M10",5.5
"191","LNS14000000",1963,"M11",5.7
"192","LNS14000000",1963,"M12",5.5
"193","LNS14000000",1964,"M01",5.6
"194","LNS14000000",1964,"M02",5.4
"195","LNS14000000",1964,"M03",5.4
"196","LNS14000000",1964,"M04",5.3
"197","LNS14000000",1964,"M05",5.1
"198","LNS14000000",1964,"M06",5.2
"199","LNS14000000",1964,"M07",4.9
"200","LNS14000000",1964,"M08",5
"201","LNS14000000",1964,"M09",5.1
"202","LNS14000000",1964,"M10",5.1
"203","LNS14000000",1964,"M11",4.8
"204","LNS14000000",1964,"M12",5
"205","LNS14000000",1965,"M01",4.9
"206","LNS14000000",1965,"M02",5.1
"207","LNS14000000",1965,"M03",4.7
"208","LNS14000000",1965,"M04",4.8
"209","LNS14000000",1965,"M05",4.6
"210","LNS14000000",1965,"M06",4.6
"211","LNS14000000",1965,"M07",4.4
"212","LNS14000000",1965,"M08",4.4
"213","LNS14000000",1965,"M09",4.3
"214","LNS14000000",1965,"M10",4.2
"215","LNS14000000",1965,"M11",4.1
"216","LNS14000000",1965,"M12",4
"217","LNS14000000",1966,"M01",4
"218","LNS14000000",1966,"M02",3.8
"219","LNS14000000",1966,"M03",3.8
"220","LNS14000000",1966,"M04",3.8
"221","LNS14000000",1966,"M05",3.9
"222","LNS14000000",1966,"M06",3.8
"223","LNS14000000",1966,"M07",3.8
"224","LNS14000000",1966,"M08",3.8
"225","LNS14000000",1966,"M09",3.7
"226","LNS14000000",1966,"M10",3.7
"227","LNS14000000",1966,"M11",3.6
"228","LNS14000000",1966,"M12",3.8
"229","LNS14000000",1967,"M01",3.9
"230","LNS14000000",1967,"M02",3.8
"231","LNS14000000",1967,"M03",3.8
"232","LNS14000000",1967,"M04",3.8
"233","LNS14000000",1967,"M05",3.8
"234","LNS14000000",1967,"M06",3.9
"235","LNS14000000",1967,"M07",3.8
"236","LNS14000000",1967,"M08",3.8
"237","LNS14000000",1967,"M09",3.8
"238","LNS14000000",1967,"M10",4
"239","LNS14000000",1967,"M11",3.9
"240","LNS14000000",1967,"M12",3.8
"241","LNS14000000",1968,"M01",3.7
"242","LNS14000000",1968,"M02",3.8
"243","LNS14000000",1968,"M03",3.7
"244","LNS14000000",1968,"M04",3.5
"245","LNS14000000",1968,"M05",3.5
"246","LNS14000000",1968,"M06",3.7
"247","LNS14000000",1968,"M07",3.7
"248","LNS14000000",1968,"M08",3.5
"249","LNS14000000",1968,"M09",3.4
"250","LNS14000000",1968,"M10",3.4
"251","LNS14000000",1968,"M11",3.4
"252","LNS14000000",1968,"M12",3.4
"253","LNS14000000",1969,"M01",3.4
"254","LNS14000000",1969,"M02",3.4
"255","LNS14000000",1969,"M03",3.4
"256","LNS14000000",1969,"M04",3.4
"257","LNS14000000",1969,"M05",3.4
"258","LNS14000000",1969,"M06",3.5
"259","LNS14000000",1969,"M07",3.5
"260","LNS14000000",1969,"M08",3.5
"261","LNS14000000",1969,"M09",3.7
"262","LNS14000000",1969,"M10",3.7
"263","LNS14000000",1969,"M11",3.5
"264","LNS14000000",1969,"M12",3.5
"265","LNS14000000",1970,"M01",3.9
"266","LNS14000000",1970,"M02",4.2
"267","LNS14000000",1970,"M03",4.4
"268","LNS14000000",1970,"M04",4.6
"269","LNS14000000",1970,"M05",4.8
"270","LNS14000000",1970,"M06",4.9
"271","LNS14000000",1970,"M07",5
"272","LNS14000000",1970,"M08",5.1
"273","LNS14000000",1970,"M09",5.4
"274","LNS14000000",1970,"M10",5.5
"275","LNS14000000",1970,"M11",5.9
"276","LNS14000000",1970,"M12",6.1
"277","LNS14000000",1971,"M01",5.9
"278","LNS14000000",1971,"M02",5.9
"279","LNS14000000",1971,"M03",6
"280","LNS14000000",1971,"M04",5.9
"281","LNS14000000",1971,"M05",5.9
"282","LNS14000000",1971,"M06",5.9
"283","LNS14000000",1971,"M07",6
"284","LNS14000000",1971,"M08",6.1
"285","LNS14000000",1971,"M09",6
"286","LNS14000000",1971,"M10",5.8
"287","LNS14000000",1971,"M11",6
"288","LNS14000000",1971,"M12",6
"289","LNS14000000",1972,"M01",5.8
"290","LNS14000000",1972,"M02",5.7
"291","LNS14000000",1972,"M03",5.8
"292","LNS14000000",1972,"M04",5.7
"293","LNS14000000",1972,"M05",5.7
"294","LNS14000000",1972,"M06",5.7
"295","LNS14000000",1972,"M07",5.6
"296","LNS14000000",1972,"M08",5.6
"297","LNS14000000",1972,"M09",5.5
"298","LNS14000000",1972,"M10",5.6
"299","LNS14000000",1972,"M11",5.3
"300","LNS14000000",1972,"M12",5.2
"301","LNS14000000",1973,"M01",4.9
"302","LNS14000000",1973,"M02",5
"303","LNS14000000",1973,"M03",4.9
"304","LNS14000000",1973,"M04",5
"305","LNS14000000",1973,"M05",4.9
"306","LNS14000000",1973,"M06",4.9
"307","LNS14000000",1973,"M07",4.8
"308","LNS14000000",1973,"M08",4.8
"309","LNS14000000",1973,"M09",4.8
"310","LNS14000000",1973,"M10",4.6
"311","LNS14000000",1973,"M11",4.8
"312","LNS14000000",1973,"M12",4.9
"313","LNS14000000",1974,"M01",5.1
"314","LNS14000000",1974,"M02",5.2
"315","LNS14000000",1974,"M03",5.1
"316","LNS14000000",1974,"M04",5.1
"317","LNS14000000",1974,"M05",5.1
"318","LNS14000000",1974,"M06",5.4
"319","LNS14000000",1974,"M07",5.5
"320","LNS14000000",1974,"M08",5.5
"321","LNS14000000",1974,"M09",5.9
"322","LNS14000000",1974,"M10",6
"323","LNS14000000",1974,"M11",6.6
"324","LNS14000000",1974,"M12",7.2
"325","LNS14000000",1975,"M01",8.1
"326","LNS14000000",1975,"M02",8.1
"327","LNS14000000",1975,"M03",8.6
"328","LNS14000000",1975,"M04",8.8
"329","LNS14000000",1975,"M05",9
"330","LNS14000000",1975,"M06",8.8
"331","LNS14000000",1975,"M07",8.6
"332","LNS14000000",1975,"M08",8.4
"333","LNS14000000",1975,"M09",8.4
"334","LNS14000000",1975,"M10",8.4
"335","LNS14000000",1975,"M11",8.3
"336","LNS14000000",1975,"M12",8.2
"337","LNS14000000",1976,"M01",7.9
"338","LNS14000000",1976,"M02",7.7
"339","LNS14000000",1976,"M03",7.6
"340","LNS14000000",1976,"M04",7.7
"341","LNS14000000",1976,"M05",7.4
"342","LNS14000000",1976,"M06",7.6
"343","LNS14000000",1976,"M07",7.8
"344","LNS14000000",1976,"M08",7.8
"345","LNS14000000",1976,"M09",7.6
"346","LNS14000000",1976,"M10",7.7
"347","LNS14000000",1976,"M11",7.8
"348","LNS14000000",1976,"M12",7.8
"349","LNS14000000",1977,"M01",7.5
"350","LNS14000000",1977,"M02",7.6
"351","LNS14000000",1977,"M03",7.4
"352","LNS14000000",1977,"M04",7.2
"353","LNS14000000",1977,"M05",7
"354","LNS14000000",1977,"M06",7.2
"355","LNS14000000",1977,"M07",6.9
"356","LNS14000000",1977,"M08",7
"357","LNS14000000",1977,"M09",6.8
"358","LNS14000000",1977,"M10",6.8
"359","LNS14000000",1977,"M11",6.8
"360","LNS14000000",1977,"M12",6.4
"361","LNS14000000",1978,"M01",6.4
"362","LNS14000000",1978,"M02",6.3
"363","LNS14000000",1978,"M03",6.3
"364","LNS14000000",1978,"M04",6.1
"365","LNS14000000",1978,"M05",6
"366","LNS14000000",1978,"M06",5.9
"367","LNS14000000",1978,"M07",6.2
"368","LNS14000000",1978,"M08",5.9
"369","LNS14000000",1978,"M09",6
"370","LNS14000000",1978,"M10",5.8
"371","LNS14000000",1978,"M11",5.9
"372","LNS14000000",1978,"M12",6
"373","LNS14000000",1979,"M01",5.9
"374","LNS14000000",1979,"M02",5.9
"375","LNS14000000",1979,"M03",5.8
"376","LNS14000000",1979,"M04",5.8
"377","LNS14000000",1979,"M05",5.6
"378","LNS14000000",1979,"M06",5.7
"379","LNS14000000",1979,"M07",5.7
"380","LNS14000000",1979,"M08",6
"381","LNS14000000",1979,"M09",5.9
"382","LNS14000000",1979,"M10",6
"383","LNS14000000",1979,"M11",5.9
"384","LNS14000000",1979,"M12",6
"385","LNS14000000",1980,"M01",6.3
"386","LNS14000000",1980,"M02",6.3
"387","LNS14000000",1980,"M03",6.3
"388","LNS14000000",1980,"M04",6.9
"389","LNS14000000",1980,"M05",7.5
"390","LNS14000000",1980,"M06",7.6
"391","LNS14000000",1980,"M07",7.8
"392","LNS14000000",1980,"M08",7.7
"393","LNS14000000",1980,"M09",7.5
"394","LNS14000000",1980,"M10",7.5
"395","LNS14000000",1980,"M11",7.5
"396","LNS14000000",1980,"M12",7.2
"397","LNS14000000",1981,"M01",7.5
"398","LNS14000000",1981,"M02",7.4
"399","LNS14000000",1981,"M03",7.4
"400","LNS14000000",1981,"M04",7.2
"401","LNS14000000",1981,"M05",7.5
"402","LNS14000000",1981,"M06",7.5
"403","LNS14000000",1981,"M07",7.2
"404","LNS14000000",1981,"M08",7.4
"405","LNS14000000",1981,"M09",7.6
"406","LNS14000000",1981,"M10",7.9
"407","LNS14000000",1981,"M11",8.3
"408","LNS14000000",1981,"M12",8.5
"409","LNS14000000",1982,"M01",8.6
"410","LNS14000000",1982,"M02",8.9
"411","LNS14000000",1982,"M03",9
"412","LNS14000000",1982,"M04",9.3
"413","LNS14000000",1982,"M05",9.4
"414","LNS14000000",1982,"M06",9.6
"415","LNS14000000",1982,"M07",9.8
"416","LNS14000000",1982,"M08",9.8
"417","LNS14000000",1982,"M09",10.1
"418","LNS14000000",1982,"M10",10.4
"419","LNS14000000",1982,"M11",10.8
"420","LNS14000000",1982,"M12",10.8
"421","LNS14000000",1983,"M01",10.4
"422","LNS14000000",1983,"M02",10.4
"423","LNS14000000",1983,"M03",10.3
"424","LNS14000000",1983,"M04",10.2
"425","LNS14000000",1983,"M05",10.1
"426","LNS14000000",1983,"M06",10.1
"427","LNS14000000",1983,"M07",9.4
"428","LNS14000000",1983,"M08",9.5
"429","LNS14000000",1983,"M09",9.2
"430","LNS14000000",1983,"M10",8.8
"431","LNS14000000",1983,"M11",8.5
"432","LNS14000000",1983,"M12",8.3
"433","LNS14000000",1984,"M01",8
"434","LNS14000000",1984,"M02",7.8
"435","LNS14000000",1984,"M03",7.8
"436","LNS14000000",1984,"M04",7.7
"437","LNS14000000",1984,"M05",7.4
"438","LNS14000000",1984,"M06",7.2
"439","LNS14000000",1984,"M07",7.5
"440","LNS14000000",1984,"M08",7.5
"441","LNS14000000",1984,"M09",7.3
"442","LNS14000000",1984,"M10",7.4
"443","LNS14000000",1984,"M11",7.2
"444","LNS14000000",1984,"M12",7.3
"445","LNS14000000",1985,"M01",7.3
"446","LNS14000000",1985,"M02",7.2
"447","LNS14000000",1985,"M03",7.2
"448","LNS14000000",1985,"M04",7.3
"449","LNS14000000",1985,"M05",7.2
"450","LNS14000000",1985,"M06",7.4
"451","LNS14000000",1985,"M07",7.4
"452","LNS14000000",1985,"M08",7.1
"453","LNS14000000",1985,"M09",7.1
"454","LNS14000000",1985,"M10",7.1
"455","LNS14000000",1985,"M11",7
"456","LNS14000000",1985,"M12",7
"457","LNS14000000",1986,"M01",6.7
"458","LNS14000000",1986,"M02",7.2
"459","LNS14000000",1986,"M03",7.2
"460","LNS14000000",1986,"M04",7.1
"461","LNS14000000",1986,"M05",7.2
"462","LNS14000000",1986,"M06",7.2
"463","LNS14000000",1986,"M07",7
"464","LNS14000000",1986,"M08",6.9
"465","LNS14000000",1986,"M09",7
"466","LNS14000000",1986,"M10",7
"467","LNS14000000",1986,"M11",6.9
"468","LNS14000000",1986,"M12",6.6
"469","LNS14000000",1987,"M01",6.6
"470","LNS14000000",1987,"M02",6.6
"471","LNS14000000",1987,"M03",6.6
"472","LNS14000000",1987,"M04",6.3
"473","LNS14000000",1987,"M05",6.3
"474","LNS14000000",1987,"M06",6.2
"475","LNS14000000",1987,"M07",6.1
"476","LNS14000000",1987,"M08",6
"477","LNS14000000",1987,"M09",5.9
"478","LNS14000000",1987,"M10",6
"479","LNS14000000",1987,"M11",5.8
"480","LNS14000000",1987,"M12",5.7
"481","LNS14000000",1988,"M01",5.7
"482","LNS14000000",1988,"M02",5.7
"483","LNS14000000",1988,"M03",5.7
"484","LNS14000000",1988,"M04",5.4
"485","LNS14000000",1988,"M05",5.6
"486","LNS14000000",1988,"M06",5.4
"487","LNS14000000",1988,"M07",5.4
"488","LNS14000000",1988,"M08",5.6
"489","LNS14000000",1988,"M09",5.4
"490","LNS14000000",1988,"M10",5.4
"491","LNS14000000",1988,"M11",5.3
"492","LNS14000000",1988,"M12",5.3
"493","LNS14000000",1989,"M01",5.4
"494","LNS14000000",1989,"M02",5.2
"495","LNS14000000",1989,"M03",5
"496","LNS14000000",1989,"M04",5.2
"497","LNS14000000",1989,"M05",5.2
"498","LNS14000000",1989,"M06",5.3
"499","LNS14000000",1989,"M07",5.2
"500","LNS14000000",1989,"M08",5.2
"501","LNS14000000",1989,"M09",5.3
"502","LNS14000000",1989,"M10",5.3
"503","LNS14000000",1989,"M11",5.4
"504","LNS14000000",1989,"M12",5.4
"505","LNS14000000",1990,"M01",5.4
"506","LNS14000000",1990,"M02",5.3
"507","LNS14000000",1990,"M03",5.2
"508","LNS14000000",1990,"M04",5.4
"509","LNS14000000",1990,"M05",5.4
"510","LNS14000000",1990,"M06",5.2
"511","LNS14000000",1990,"M07",5.5
"512","LNS14000000",1990,"M08",5.7
"513","LNS14000000",1990,"M09",5.9
"514","LNS14000000",1990,"M10",5.9
"515","LNS14000000",1990,"M11",6.2
"516","LNS14000000",1990,"M12",6.3
"517","LNS14000000",1991,"M01",6.4
"518","LNS14000000",1991,"M02",6.6
"519","LNS14000000",1991,"M03",6.8
"520","LNS14000000",1991,"M04",6.7
"521","LNS14000000",1991,"M05",6.9
"522","LNS14000000",1991,"M06",6.9
"523","LNS14000000",1991,"M07",6.8
"524","LNS14000000",1991,"M08",6.9
"525","LNS14000000",1991,"M09",6.9
"526","LNS14000000",1991,"M10",7
"527","LNS14000000",1991,"M11",7
"528","LNS14000000",1991,"M12",7.3
"529","LNS14000000",1992,"M01",7.3
"530","LNS14000000",1992,"M02",7.4
"531","LNS14000000",1992,"M03",7.4
"532","LNS14000000",1992,"M04",7.4
"533","LNS14000000",1992,"M05",7.6
"534","LNS14000000",1992,"M06",7.8
"535","LNS14000000",1992,"M07",7.7
"536","LNS14000000",1992,"M08",7.6
"537","LNS14000000",1992,"M09",7.6
"538","LNS14000000",1992,"M10",7.3
"539","LNS14000000",1992,"M11",7.4
"540","LNS14000000",1992,"M12",7.4
"541","LNS14000000",1993,"M01",7.3
"542","LNS14000000",1993,"M02",7.1
"543","LNS14000000",1993,"M03",7
"544","LNS14000000",1993,"M04",7.1
"545","LNS14000000",1993,"M05",7.1
"546","LNS14000000",1993,"M06",7
"547","LNS14000000",1993,"M07",6.9
"548","LNS14000000",1993,"M08",6.8
"549","LNS14000000",1993,"M09",6.7
"550","LNS14000000",1993,"M10",6.8
"551","LNS14000000",1993,"M11",6.6
"552","LNS14000000",1993,"M12",6.5
"553","LNS14000000",1994,"M01",6.6
"554","LNS14000000",1994,"M02",6.6
"555","LNS14000000",1994,"M03",6.5
"556","LNS14000000",1994,"M04",6.4
"557","LNS14000000",1994,"M05",6.1
"558","LNS14000000",1994,"M06",6.1
"559","LNS14000000",1994,"M07",6.1
"560","LNS14000000",1994,"M08",6
"561","LNS14000000",1994,"M09",5.9
"562","LNS14000000",1994,"M10",5.8
"563","LNS14000000",1994,"M11",5.6
"564","LNS14000000",1994,"M12",5.5
"565","LNS14000000",1995,"M01",5.6
"566","LNS14000000",1995,"M02",5.4
"567","LNS14000000",1995,"M03",5.4
"568","LNS14000000",1995,"M04",5.8
"569","LNS14000000",1995,"M05",5.6
"570","LNS14000000",1995,"M06",5.6
"571","LNS14000000",1995,"M07",5.7
"572","LNS14000000",1995,"M08",5.7
"573","LNS14000000",1995,"M09",5.6
"574","LNS14000000",1995,"M10",5.5
"575","LNS14000000",1995,"M11",5.6
"576","LNS14000000",1995,"M12",5.6
"577","LNS14000000",1996,"M01",5.6
"578","LNS14000000",1996,"M02",5.5
"579","LNS14000000",1996,"M03",5.5
"580","LNS14000000",1996,"M04",5.6
"581","LNS14000000",1996,"M05",5.6
"582","LNS14000000",1996,"M06",5.3
"583","LNS14000000",1996,"M07",5.5
"584","LNS14000000",1996,"M08",5.1
"585","LNS14000000",1996,"M09",5.2
"586","LNS14000000",1996,"M10",5.2
"587","LNS14000000",1996,"M11",5.4
"588","LNS14000000",1996,"M12",5.4
"589","LNS14000000",1997,"M01",5.3
"590","LNS14000000",1997,"M02",5.2
"591","LNS14000000",1997,"M03",5.2
"592","LNS14000000",1997,"M04",5.1
"593","LNS14000000",1997,"M05",4.9
"594","LNS14000000",1997,"M06",5
"595","LNS14000000",1997,"M07",4.9
"596","LNS14000000",1997,"M08",4.8
"597","LNS14000000",1997,"M09",4.9
"598","LNS14000000",1997,"M10",4.7
"599","LNS14000000",1997,"M11",4.6
"600","LNS14000000",1997,"M12",4.7
"601","LNS14000000",1998,"M01",4.6
"602","LNS14000000",1998,"M02",4.6
"603","LNS14000000",1998,"M03",4.7
"604","LNS14000000",1998,"M04",4.3
"605","LNS14000000",1998,"M05",4.4
"606","LNS14000000",1998,"M06",4.5
"607","LNS14000000",1998,"M07",4.5
"608","LNS14000000",1998,"M08",4.5
"609","LNS14000000",1998,"M09",4.6
"610","LNS14000000",1998,"M10",4.5
"611","LNS14000000",1998,"M11",4.4
"612","LNS14000000",1998,"M12",4.4
"613","LNS14000000",1999,"M01",4.3
"614","LNS14000000",1999,"M02",4.4
"615","LNS14000000",1999,"M03",4.2
"616","LNS14000000",1999,"M04",4.3
"617","LNS14000000",1999,"M05",4.2
"618","LNS14000000",1999,"M06",4.3
"619","LNS14000000",1999,"M07",4.3
"620","LNS14000000",1999,"M08",4.2
"621","LNS14000000",1999,"M09",4.2
"622","LNS14000000",1999,"M10",4.1
"623","LNS14000000",1999,"M11",4.1
"624","LNS14000000",1999,"M12",4
"625","LNS14000000",2000,"M01",4
"626","LNS14000000",2000,"M02",4.1
"627","LNS14000000",2000,"M03",4
"628","LNS14000000",2000,"M04",3.8
"629","LNS14000000",2000,"M05",4
"630","LNS14000000",2000,"M06",4
"631","LNS14000000",2000,"M07",4
"632","LNS14000000",2000,"M08",4.1
"633","LNS14000000",2000,"M09",3.9
"634","LNS14000000",2000,"M10",3.9
"635","LNS14000000",2000,"M11",3.9
"636","LNS14000000",2000,"M12",3.9
"637","LNS14000000",2001,"M01",4.2
"638","LNS14000000",2001,"M02",4.2
"639","LNS14000000",2001,"M03",4.3
"640","LNS14000000",2001,"M04",4.4
"641","LNS14000000",2001,"M05",4.3
"642","LNS14000000",2001,"M06",4.5
"643","LNS14000000",2001,"M07",4.6
"644","LNS14000000",2001,"M08",4.9
"645","LNS14000000",2001,"M09",5
"646","LNS14000000",2001,"M10",5.3
"647","LNS14000000",2001,"M11",5.5
"648","LNS14000000",2001,"M12",5.7
"649","LNS14000000",2002,"M01",5.7
"650","LNS14000000",2002,"M02",5.7
"651","LNS14000000",2002,"M03",5.7
"652","LNS14000000",2002,"M04",5.9
"653","LNS14000000",2002,"M05",5.8
"654","LNS14000000",2002,"M06",5.8
"655","LNS14000000",2002,"M07",5.8
"656","LNS14000000",2002,"M08",5.7
"657","LNS14000000",2002,"M09",5.7
"658","LNS14000000",2002,"M10",5.7
"659","LNS14000000",2002,"M11",5.9
"660","LNS14000000",2002,"M12",6
"661","LNS14000000",2003,"M01",5.8
"662","LNS14000000",2003,"M02",5.9
"663","LNS14000000",2003,"M03",5.9
"664","LNS14000000",2003,"M04",6
"665","LNS14000000",2003,"M05",6.1
"666","LNS14000000",2003,"M06",6.3
"667","LNS14000000",2003,"M07",6.2
"668","LNS14000000",2003,"M08",6.1
"669","LNS14000000",2003,"M09",6.1
"670","LNS14000000",2003,"M10",6
"671","LNS14000000",2003,"M11",5.8
"672","LNS14000000",2003,"M12",5.7
"673","LNS14000000",2004,"M01",5.7
"674","LNS14000000",2004,"M02",5.6
"675","LNS14000000",2004,"M03",5.8
"676","LNS14000000",2004,"M04",5.6
"677","LNS14000000",2004,"M05",5.6
"678","LNS14000000",2004,"M06",5.6
"679","LNS14000000",2004,"M07",5.5
"680","LNS14000000",2004,"M08",5.4
"681","LNS14000000",2004,"M09",5.4
"682","LNS14000000",2004,"M10",5.5
"683","LNS14000000",2004,"M11",5.4
"684","LNS14000000",2004,"M12",5.4
"685","LNS14000000",2005,"M01",5.3
"686","LNS14000000",2005,"M02",5.4
"687","LNS14000000",2005,"M03",5.2
"688","LNS14000000",2005,"M04",5.2
"689","LNS14000000",2005,"M05",5.1
"690","LNS14000000",2005,"M06",5
"691","LNS14000000",2005,"M07",5
"692","LNS14000000",2005,"M08",4.9
"693","LNS14000000",2005,"M09",5
"694","LNS14000000",2005,"M10",5
"695","LNS14000000",2005,"M11",5
"696","LNS14000000",2005,"M12",4.9
"697","LNS14000000",2006,"M01",4.7
"698","LNS14000000",2006,"M02",4.8
"699","LNS14000000",2006,"M03",4.7
"700","LNS14000000",2006,"M04",4.7
"701","LNS14000000",2006,"M05",4.6
"702","LNS14000000",2006,"M06",4.6
"703","LNS14000000",2006,"M07",4.7
"704","LNS14000000",2006,"M08",4.7
"705","LNS14000000",2006,"M09",4.5
"706","LNS14000000",2006,"M10",4.4
"707","LNS14000000",2006,"M11",4.5
"708","LNS14000000",2006,"M12",4.4
"709","LNS14000000",2007,"M01",4.6
"710","LNS14000000",2007,"M02",4.5
"711","LNS14000000",2007,"M03",4.4
"712","LNS14000000",2007,"M04",4.5
"713","LNS14000000",2007,"M05",4.4
"714","LNS14000000",2007,"M06",4.6
"715","LNS14000000",2007,"M07",4.6
"716","LNS14000000",2007,"M08",4.6
"717","LNS14000000",2007,"M09",4.7
"718","LNS14000000",2007,"M10",4.7
"719","LNS14000000",2007,"M11",4.7
"720","LNS14000000",2007,"M12",5
"721","LNS14000000",2008,"M01",5
"722","LNS14000000",2008,"M02",4.8
"723","LNS14000000",2008,"M03",5.1
"724","LNS14000000",2008,"M04",5
"725","LNS14000000",2008,"M05",5.4
"726","LNS14000000",2008,"M06",5.5
"727","LNS14000000",2008,"M07",5.8
"728","LNS14000000",2008,"M08",6.1
"729","LNS14000000",2008,"M09",6.2
"730","LNS14000000",2008,"M10",6.6
"731","LNS14000000",2008,"M11",6.9
"732","LNS14000000",2008,"M12",7.4
"733","LNS14000000",2009,"M01",7.7
"734","LNS14000000",2009,"M02",8.2
"735","LNS14000000",2009,"M03",8.6
"736","LNS14000000",2009,"M04",8.9
"737","LNS14000000",2009,"M05",9.4
"738","LNS14000000",2009,"M06",9.5
"739","LNS14000000",2009,"M07",9.4
"740","LNS14000000",2009,"M08",9.7
"741","LNS14000000",2009,"M09",9.8
"742","LNS14000000",2009,"M10",10.1
"743","LNS14000000",2009,"M11",10
"744","LNS14000000",2009,"M12",10
"745","LNS14000000",2010,"M01",9.7
"746","LNS14000000",2010,"M02",9.7
